Fecha,X,R
2021-03-07,0.9444444444444444,0.33333333333333337
2021-03-08,0.7777777777777778,0.0
2021-03-09,0.6666666666666667,0.2222222222222222
2021-03-10,0.7222222222222222,0.33333333333333326
2021-03-11,0.7222222222222222,0.33333333333333326
2021-03-12,0.6111111111111112,0.11111111111111105
2021-03-13,0.888888888888889,0.44444444444444453
2021-03-14,0.8888888888888888,0.44444444444444453
2021-03-15,0.6666666666666666,0.0
2021-03-16,0.6111111111111112,0.11111111111111105
2021-03-17,0.6111111111111112,0.11111111111111105
2021-03-18,0.7222222222222222,0.11111111111111116
2021-03-19,0.6666666666666667,0.2222222222222222
2021-03-20,0.7222222222222222,0.33333333333333326
2021-03-21,0.8333333333333333,0.11111111111111105
2021-03-22,0.8333333333333333,0.11111111111111105
2021-03-23,0.7777777777777777,0.2222222222222222
2021-03-24,0.6666666666666666,0.0
2021-03-25,0.6666666666666666,0.0
2021-03-26,0.8333333333333333,0.33333333333333337
2021-03-27,0.7777777777777778,0.4444444444444444
2021-03-28,0.6666666666666667,0.2222222222222222
2021-03-29,0.7777777777777778,0.0
2021-03-30,0.9444444444444444,0.33333333333333337
2021-03-31,0.7777777777777778,0.6666666666666667
2021-04-01,0.4444444444444444,0.0
2021-04-02,0.4444444444444444,0.0
2021-04-03,0.38888888888888884,0.1111111111111111
2021-04-04,0.2777777777777778,0.1111111111111111
2021-04-05,0.38888888888888895,0.33333333333333337
2021-04-06,0.5555555555555556,0.0
2021-04-07,0.5,0.11111111111111116
2021-04-08,0.5555555555555556,0.2222222222222222
2021-04-09,0.5,0.3333333333333333
2021-04-10,0.6666666666666667,0.6666666666666667
2021-04-11,0.7222222222222223,0.5555555555555556
2021-04-12,0.7222222222222223,0.5555555555555556
2021-04-13,0.7777777777777779,0.4444444444444444
2021-04-14,0.8333333333333335,0.5555555555555556
2021-04-15,1.166666666666667,0.11111111111111116
2021-04-16,1.166666666666667,0.11111111111111116
2021-04-17,1.0,0.22222222222222232
2021-04-18,1.0,0.22222222222222232
2021-04-19,1.1111111111111112,0.0
2021-04-20,1.0555555555555558,0.11111111111111116
2021-04-21,0.9444444444444445,0.11111111111111116
2021-04-22,1.1111111111111112,0.4444444444444444
2021-04-23,1.0555555555555556,0.5555555555555555
2021-04-24,1.0555555555555558,0.5555555555555555
2021-04-25,1.166666666666667,0.33333333333333326
2021-04-26,0.8333333333333335,0.33333333333333337
2021-04-27,0.8888888888888891,0.44444444444444453
2021-04-28,0.8888888888888891,0.44444444444444453
2021-04-29,0.7777777777777779,0.2222222222222222
2021-04-30,0.7569444444444446,0.26388888888888884
2021-05-01,0.5937500000000002,0.0625
2021-05-02,0.5000000000000002,0.125
2021-05-03,0.4375,0.0
2021-05-04,0.4375,0.0
2021-05-05,0.5000000000000002,0.125
2021-05-06,0.5000000000000002,0.125
2021-05-07,0.4062500000000002,0.0625
2021-05-08,0.4062500000000002,0.0625
2021-05-09,0.4375,0.0
2021-05-10,0.4687500000000002,0.0625
2021-05-11,0.4375000000000002,0.125
2021-05-12,0.4687500000000002,0.1875
2021-05-13,0.4687500000000002,0.1875
2021-05-14,0.4375000000000002,0.125
2021-05-15,0.5,0.0
2021-05-16,0.5312500000000002,0.0625
2021-05-17,0.6562500000000002,0.1875
2021-05-18,0.5625000000000002,0.375
2021-05-19,0.5312500000000002,0.3125
2021-05-20,0.6250000000000002,0.125
2021-05-21,0.6250000000000002,0.125
2021-05-22,0.5937500000000002,0.1875
2021-05-23,0.5,0.0
2021-05-24,0.5625000000000002,0.125
2021-05-25,0.5625000000000002,0.125
2021-05-26,0.5312500000000002,0.0625
2021-05-27,0.5312500000000002,0.0625
2021-05-28,0.4375000000000002,0.125
2021-05-29,0.5625000000000002,0.375
2021-05-30,0.5750000000000002,0.35
2021-05-31,0.4,0.0
2021-06-01,0.4666666666666669,0.1333333333333333
2021-06-02,0.5333333333333333,0.0
2021-06-03,0.5666666666666669,0.06666666666666665
2021-06-04,0.6,0.0
2021-06-05,0.40000000000000024,0.39999999999999997
2021-06-06,0.3333333333333336,0.26666666666666666
2021-06-07,0.4666666666666667,0.0
2021-06-08,0.43333333333333357,0.06666666666666665
2021-06-09,0.3666666666666669,0.06666666666666671
2021-06-10,0.40000000000000024,0.13333333333333336
2021-06-11,0.4666666666666667,0.0
2021-06-12,0.4666666666666667,0.0
2021-06-13,0.4666666666666667,0.0
2021-06-14,0.43333333333333357,0.06666666666666665
2021-06-15,0.4,0.0
2021-06-16,0.4666666666666669,0.1333333333333333
2021-06-17,0.4666666666666669,0.1333333333333333
2021-06-18,0.5333333333333335,0.2666666666666666
2021-06-19,0.5666666666666669,0.19999999999999996
2021-06-20,0.5000000000000002,0.06666666666666665
2021-06-21,0.43333333333333357,0.2
2021-06-22,0.2666666666666669,0.1333333333333333
2021-06-23,0.4666666666666669,0.5333333333333332
2021-06-24,0.6000000000000002,0.2666666666666666
2021-06-25,0.5000000000000002,0.06666666666666665
2021-06-26,0.5000000000000002,0.06666666666666665
2021-06-27,0.5000000000000002,0.06666666666666665
2021-06-28,0.46666666666666684,0.1333333333333333
2021-06-29,0.4333333333333335,0.06666666666666665
2021-06-30,0.4666666666666667,0.0
2021-07-01,0.4666666666666667,0.0
2021-07-02,0.4666666666666667,0.0
2021-07-03,0.3666666666666668,0.2
2021-07-04,0.4333333333333335,0.3333333333333333
2021-07-05,0.4666666666666668,0.26666666666666666
2021-07-06,0.3666666666666669,0.06666666666666671
2021-07-07,0.43333333333333357,0.06666666666666665
2021-07-08,0.5333333333333335,0.1333333333333333
2021-07-09,0.5333333333333335,0.1333333333333333
2021-07-10,0.5333333333333335,0.1333333333333333
2021-07-11,0.5333333333333335,0.1333333333333333
2021-07-12,0.5000000000000002,0.06666666666666665
2021-07-13,0.6333333333333335,0.19999999999999996
2021-07-14,0.6333333333333335,0.19999999999999996
2021-07-15,0.43333333333333357,0.2
2021-07-16,0.3333333333333333,0.0
2021-07-17,0.404761904761905,0.14285714285714285
2021-07-18,0.47619047619047616,0.0
2021-07-19,0.404761904761905,0.14285714285714285
2021-07-20,0.30952380952380976,0.047619047619047616
2021-07-21,0.33333333333333354,0.09523809523809523
2021-07-22,0.38095238095238093,0.0
2021-07-23,0.38095238095238093,0.0
2021-07-24,0.2857142857142859,0.19047619047619047
2021-07-25,0.2380952380952383,0.09523809523809523
2021-07-26,0.30952380952380976,0.047619047619047616
2021-07-27,0.2857142857142859,0.09523809523809523
2021-07-28,0.33333333333333354,0.19047619047619047
2021-07-29,0.33333333333333354,0.19047619047619047
2021-07-30,0.2857142857142859,0.09523809523809523
2021-07-31,0.3333333333333333,0.0
2021-08-01,0.2719298245614037,0.12280701754385964
2021-08-02,0.2631578947368423,0.10526315789473684
2021-08-03,0.3421052631578949,0.05263157894736842
2021-08-04,0.2368421052631581,0.2631578947368421
2021-08-05,0.18421052631578969,0.15789473684210525
2021-08-06,0.5000000000000002,0.47368421052631576
2021-08-07,0.5789473684210529,0.3157894736842105
2021-08-08,0.42105263157894735,0.0
2021-08-09,0.3684210526315791,0.10526315789473684
2021-08-10,0.3157894736842105,0.0
2021-08-11,0.3157894736842105,0.0
2021-08-12,0.3157894736842105,0.0
2021-08-13,0.28947368421052644,0.05263157894736842
2021-08-14,0.23684210526315805,0.05263157894736842
2021-08-15,0.21052631578947367,0.0
2021-08-16,0.21052631578947367,0.0
2021-08-17,0.23684210526315805,0.05263157894736842
2021-08-18,0.3421052631578949,0.15789473684210525
2021-08-19,0.3421052631578949,0.15789473684210525
2021-08-20,0.2631578947368421,0.0
2021-08-21,0.3157894736842107,0.10526315789473684
2021-08-22,0.3684210526315789,0.0
2021-08-23,0.44736842105263175,0.15789473684210525
2021-08-24,0.36842105263157904,0.3157894736842105
2021-08-25,0.28947368421052644,0.15789473684210525
2021-08-26,0.3947368421052633,0.05263157894736842
2021-08-27,0.42105263157894735,0.0
2021-08-28,0.42105263157894735,0.0
2021-08-29,0.3421052631578949,0.15789473684210525
2021-08-30,0.3157894736842107,0.10526315789473684
2021-08-31,0.3947368421052633,0.05263157894736842
2021-09-01,0.28947368421052644,0.2631578947368421
2021-09-02,0.26315789473684226,0.21052631578947367
2021-09-03,0.26315789473684226,0.21052631578947367
2021-09-04,0.18421052631578963,0.05263157894736842
2021-09-05,0.21052631578947367,0.0
2021-09-06,0.44736842105263175,0.4736842105263158
2021-09-07,0.5263157894736844,0.31578947368421056
2021-09-08,0.3947368421052633,0.05263157894736842
2021-09-09,0.3684210526315791,0.10526315789473684
2021-09-10,0.3684210526315791,0.10526315789473684
2021-09-11,0.44736842105263175,0.05263157894736842
2021-09-12,0.3157894736842107,0.3157894736842105
2021-09-13,0.28947368421052644,0.2631578947368421
2021-09-14,0.28947368421052644,0.2631578947368421
2021-09-15,0.28947368421052644,0.2631578947368421
2021-09-16,0.3947368421052633,0.05263157894736842
2021-09-17,0.3684210526315789,0.0
2021-09-18,0.3684210526315789,0.0
2021-09-19,0.3421052631578949,0.05263157894736842
2021-09-20,0.3421052631578949,0.05263157894736842
2021-09-21,0.3684210526315789,0.0
2021-09-22,0.4210526315789475,0.10526315789473684
2021-09-23,0.5263157894736844,0.10526315789473689
2021-09-24,0.5789473684210527,0.0
2021-09-25,0.3947368421052634,0.368421052631579
2021-09-26,0.3947368421052634,0.368421052631579
2021-09-27,0.5263157894736844,0.10526315789473689
2021-09-28,0.47368421052631576,0.0
2021-09-29,0.5000000000000002,0.05263157894736842
2021-09-30,0.473684210526316,0.10526315789473684
2021-10-01,0.3684210526315791,0.10526315789473684
2021-10-02,0.3947368421052633,0.15789473684210525
2021-10-03,0.3947368421052633,0.15789473684210525
2021-10-04,0.3947368421052633,0.15789473684210525
2021-10-05,0.3947368421052633,0.15789473684210525
2021-10-06,0.3947368421052633,0.15789473684210525
2021-10-07,0.3947368421052633,0.15789473684210525
2021-10-08,0.3684210526315791,0.10526315789473684
2021-10-09,0.3421052631578949,0.15789473684210525
2021-10-10,0.28947368421052644,0.05263157894736842
2021-10-11,0.28947368421052644,0.05263157894736842
2021-10-12,0.23684210526315805,0.05263157894736842
2021-10-13,0.21052631578947367,0.0
2021-10-14,0.15789473684210542,0.10526315789473684
2021-10-15,0.10526315789473684,0.0
2021-10-16,0.10526315789473684,0.0
2021-10-17,0.10526315789473684,0.0
2021-10-18,0.23684210526315805,0.2631578947368421
2021-10-19,0.3684210526315789,0.0
2021-10-20,0.3684210526315789,0.0
2021-10-21,0.3421052631578949,0.05263157894736842
2021-10-22,0.3421052631578949,0.05263157894736842
2021-10-23,0.3684210526315789,0.0
2021-10-24,0.44736842105263175,0.15789473684210525
2021-10-25,0.44736842105263164,0.15789473684210525
2021-10-26,0.4210526315789475,0.10526315789473684
2021-10-27,0.3947368421052633,0.15789473684210525
2021-10-28,0.42105263157894757,0.21052631578947367
2021-10-29,0.44736842105263175,0.15789473684210525
2021-10-30,0.4473684210526318,0.15789473684210525
2021-10-31,0.5526315789473687,0.052631578947368474
2021-11-01,0.5263157894736844,0.10526315789473689
2021-11-02,0.42105263157894757,0.10526315789473684
2021-11-03,0.3684210526315789,0.0
2021-11-04,0.44736842105263175,0.15789473684210525
2021-11-05,0.44736842105263175,0.15789473684210525
2021-11-06,0.3684210526315789,0.0
2021-11-07,0.3684210526315789,0.0
2021-11-08,0.4210526315789476,0.10526315789473684
2021-11-09,0.4210526315789476,0.10526315789473684
2021-11-10,0.342105263157895,0.05263157894736842
2021-11-11,0.26315789473684237,0.10526315789473684
2021-11-12,0.28947368421052655,0.15789473684210525
2021-11-13,0.342105263157895,0.05263157894736842
2021-11-14,0.3947368421052634,0.15789473684210525
2021-11-15,0.3684210526315792,0.21052631578947367
2021-11-16,0.2631578947368421,0.0
2021-11-17,0.2631578947368421,0.0
2021-11-18,0.2631578947368421,0.0
2021-11-19,0.23684210526315816,0.05263157894736842
2021-11-20,0.26315789473684237,0.10526315789473684
2021-11-21,0.28947368421052655,0.05263157894736842
2021-11-22,0.18421052631578974,0.15789473684210525
2021-11-23,0.15789473684210553,0.10526315789473684
2021-11-24,0.26315789473684237,0.10526315789473684
2021-11-25,0.23684210526315816,0.15789473684210525
2021-11-26,0.23684210526315816,0.15789473684210525
2021-11-27,0.28947368421052655,0.05263157894736842
2021-11-28,0.23684210526315816,0.05263157894736842
2021-11-29,0.26315789473684237,0.10526315789473684
2021-11-30,0.342105263157895,0.05263157894736842
2021-12-01,0.342105263157895,0.05263157894736842
2021-12-02,0.342105263157895,0.05263157894736842
2021-12-03,0.4210526315789476,0.10526315789473684
2021-12-04,0.28947368421052655,0.3684210526315789
2021-12-05,0.10526315789473684,0.0
2021-12-06,0.21052631578947395,0.21052631578947367
2021-12-07,0.23684210526315816,0.15789473684210525
2021-12-08,0.28947368421052655,0.2631578947368421
2021-12-09,0.42105263157894735,0.0
2021-12-10,0.42105263157894735,0.0
2021-12-11,0.42105263157894735,0.0
2021-12-12,0.3684210526315792,0.10526315789473684
2021-12-13,0.44736842105263186,0.26315789473684215
2021-12-14,0.5526315789473687,0.052631578947368474
2021-12-15,0.3684210526315792,0.3157894736842105
2021-12-16,0.342105263157895,0.2631578947368421
2021-12-17,0.3684210526315792,0.21052631578947367
2021-12-18,0.342105263157895,0.15789473684210525
2021-12-19,0.3947368421052634,0.05263157894736842
2021-12-20,0.26315789473684237,0.21052631578947367
2021-12-21,0.28947368421052655,0.2631578947368421
2021-12-22,0.3684210526315792,0.10526315789473684
2021-12-23,0.28947368421052655,0.05263157894736842
2021-12-24,0.342105263157895,0.15789473684210525
2021-12-25,0.3947368421052634,0.05263157894736842
2021-12-26,0.47368421052631604,0.21052631578947373
2021-12-27,0.42105263157894757,0.31578947368421056
2021-12-28,0.36842105263157915,0.21052631578947367
2021-12-29,0.47368421052631576,0.0
2021-12-30,0.36842105263157915,0.21052631578947367
2021-12-31,0.2631578947368421,0.0
2022-01-01,0.31578947368421073,0.10526315789473684
2022-01-02,0.42105263157894757,0.10526315789473684
2022-01-03,0.44736842105263175,0.05263157894736842
2022-01-04,0.3947368421052634,0.05263157894736842
2022-01-05,0.3421052631578949,0.05263157894736842
2022-01-06,0.3157894736842105,0.0
2022-01-07,0.3947368421052634,0.15789473684210525
2022-01-08,0.47368421052631576,0.0
2022-01-09,0.44736842105263175,0.05263157894736842
2022-01-10,0.3947368421052634,0.05263157894736842
2022-01-11,0.5000000000000002,0.2631578947368421
2022-01-12,0.6052631578947371,0.05263157894736836
2022-01-13,0.47368421052631604,0.21052631578947373
2022-01-14,0.3684210526315789,0.0
2022-01-15,0.3684210526315789,0.0
2022-01-16,0.3684210526315789,0.0
2022-01-17,0.3684210526315789,0.0
2022-01-18,0.3684210526315789,0.0
2022-01-19,0.3947368421052634,0.05263157894736842
2022-01-20,0.36842105263157915,0.10526315789473684
2022-01-21,0.3421052631578949,0.05263157894736842
2022-01-22,0.42105263157894757,0.10526315789473684
2022-01-23,0.47368421052631576,0.0
2022-01-24,0.44736842105263175,0.05263157894736842
2022-01-25,0.42105263157894735,0.0
2022-01-26,0.42105263157894735,0.0
2022-01-27,0.42105263157894735,0.0
2022-01-28,0.44736842105263175,0.05263157894736842
2022-01-29,0.5000000000000002,0.05263157894736842
2022-01-30,0.3947368421052634,0.2631578947368421
2022-01-31,0.3947368421052634,0.2631578947368421
2022-02-01,0.4210526315789476,0.21052631578947367
2022-02-02,0.36842105263157915,0.10526315789473684
2022-02-03,0.473684210526316,0.10526315789473684
2022-02-04,0.44736842105263175,0.15789473684210525
2022-02-05,0.4473684210526318,0.15789473684210525
2022-02-06,0.47368421052631604,0.10526315789473684
2022-02-07,0.42105263157894735,0.0
2022-02-08,0.473684210526316,0.10526315789473684
2022-02-09,0.473684210526316,0.10526315789473684
2022-02-10,0.5000000000000002,0.1578947368421053
2022-02-11,0.5789473684210527,0.0
2022-02-12,0.5000000000000002,0.1578947368421053
2022-02-13,0.36842105263157915,0.10526315789473684
2022-02-14,0.3421052631578949,0.05263157894736842
2022-02-15,0.3421052631578949,0.05263157894736842
2022-02-16,0.28947368421052655,0.05263157894736842
2022-02-17,0.31578947368421073,0.10526315789473684
2022-02-18,0.3684210526315789,0.0
2022-02-19,0.3684210526315789,0.0
2022-02-20,0.31578947368421073,0.10526315789473684
2022-02-21,0.28947368421052655,0.05263157894736842
2022-02-22,0.28947368421052655,0.05263157894736842
2022-02-23,0.28947368421052655,0.05263157894736842
2022-02-24,0.3157894736842105,0.0
2022-02-25,0.3157894736842105,0.0
2022-02-26,0.3947368421052634,0.15789473684210525
2022-02-27,0.42105263157894757,0.10526315789473684
2022-02-28,0.47368421052631604,0.21052631578947373
2022-03-01,0.5263157894736844,0.10526315789473689
2022-03-02,0.47368421052631576,0.0
2022-03-03,0.47368421052631576,0.0
2022-03-04,0.5263157894736844,0.10526315789473689
2022-03-05,0.47368421052631604,0.21052631578947373
2022-03-06,0.3684210526315789,0.0
2022-03-07,0.44736842105263175,0.15789473684210525
2022-03-08,0.44736842105263175,0.15789473684210525
2022-03-09,0.44736842105263186,0.15789473684210525
2022-03-10,0.44736842105263186,0.15789473684210525
2022-03-11,0.3684210526315789,0.0
2022-03-12,0.3947368421052635,0.05263157894736842
2022-03-13,0.342105263157895,0.15789473684210525
2022-03-14,0.44736842105263186,0.3684210526315789
2022-03-15,0.4210526315789477,0.42105263157894735
2022-03-16,0.4473684210526319,0.4736842105263158
2022-03-17,0.578947368421053,0.21052631578947373
2022-03-18,0.44736842105263186,0.05263157894736842
2022-03-19,0.42105263157894735,0.0
2022-03-20,0.4736842105263161,0.10526315789473684
2022-03-21,0.4210526315789477,0.21052631578947367
2022-03-22,0.342105263157895,0.05263157894736842
2022-03-23,0.31578947368421084,0.10526315789473684
2022-03-24,0.342105263157895,0.15789473684210525
2022-03-25,0.28947368421052666,0.2631578947368421
2022-03-26,0.23684210526315821,0.15789473684210525
2022-03-27,0.2631578947368424,0.10526315789473684
2022-03-28,0.31578947368421084,0.21052631578947367
2022-03-29,0.42105263157894735,0.0
2022-03-30,0.42105263157894735,0.0
2022-03-31,0.36842105263157926,0.10526315789473684
2022-04-01,0.342105263157895,0.05263157894736842
2022-04-02,0.31578947368421084,0.10526315789473684
2022-04-03,0.3947368421052635,0.2631578947368421
2022-04-04,0.44736842105263186,0.15789473684210525
2022-04-05,0.3947368421052634,0.05263157894736842
2022-04-06,0.42105263157894735,0.0
2022-04-07,0.42105263157894735,0.0
2022-04-08,0.3684210526315792,0.10526315789473684
2022-04-09,0.3157894736842105,0.0
2022-04-10,0.342105263157895,0.05263157894736842
2022-04-11,0.3684210526315789,0.0
2022-04-12,0.3684210526315789,0.0
2022-04-13,0.3684210526315789,0.0
2022-04-14,0.3684210526315789,0.0
2022-04-15,0.342105263157895,0.05263157894736842
2022-04-16,0.28947368421052655,0.05263157894736842
2022-04-17,0.3684210526315792,0.21052631578947367
2022-04-18,0.28947368421052655,0.3684210526315789
2022-04-19,0.28947368421052655,0.3684210526315789
2022-04-20,0.342105263157895,0.2631578947368421
2022-04-21,0.28947368421052655,0.15789473684210525
2022-04-22,0.3157894736842108,0.10526315789473684
2022-04-23,0.28947368421052655,0.05263157894736842
2022-04-24,0.28947368421052655,0.05263157894736842
2022-04-25,0.39473684210526344,0.2631578947368421
2022-04-26,0.4210526315789476,0.21052631578947367
2022-04-27,0.342105263157895,0.05263157894736842
2022-04-28,0.3947368421052635,0.05263157894736842
2022-04-29,0.5263157894736845,0.21052631578947367
2022-04-30,0.5000000000000003,0.2631578947368421
2022-05-01,0.44736842105263186,0.15789473684210525
2022-05-02,0.5000000000000002,0.05263157894736842
2022-05-03,0.47368421052631576,0.0
2022-05-04,0.47368421052631576,0.0
2022-05-05,0.4210526315789477,0.10526315789473684
2022-05-06,0.28947368421052666,0.15789473684210525
2022-05-07,0.44736842105263186,0.4736842105263158
2022-05-08,0.6842105263157895,0.0
2022-05-09,0.5526315789473687,0.26315789473684215
2022-05-10,0.342105263157895,0.15789473684210525
2022-05-11,0.342105263157895,0.15789473684210525
2022-05-12,0.42105263157894735,0.0
2022-05-13,0.3947368421052634,0.05263157894736842
2022-05-14,0.342105263157895,0.05263157894736842
2022-05-15,0.3947368421052634,0.15789473684210525
2022-05-16,0.44736842105263186,0.05263157894736842
2022-05-17,0.42105263157894735,0.0
2022-05-18,0.3947368421052634,0.05263157894736842
2022-05-19,0.3684210526315789,0.0
2022-05-20,0.21052631578947395,0.3157894736842105
2022-05-21,0.13157894736842132,0.15789473684210525
2022-05-22,0.342105263157895,0.2631578947368421
2022-05-23,0.26315789473684237,0.42105263157894735
2022-05-24,0.10526315789473711,0.10526315789473684
2022-05-25,0.26315789473684237,0.21052631578947367
2022-05-26,0.47368421052631604,0.21052631578947373
2022-05-27,0.3684210526315792,0.4210526315789474
2022-05-28,0.15789473684210525,0.0
2022-05-29,0.2631578947368423,0.21052631578947367
2022-05-30,0.3421052631578949,0.05263157894736842
2022-05-31,0.28947368421052655,0.05263157894736842
2022-06-01,0.28947368421052655,0.05263157894736842
2022-06-02,0.3157894736842105,0.0
2022-06-03,0.28947368421052655,0.05263157894736842
2022-06-04,0.28947368421052655,0.05263157894736842
2022-06-05,0.3947368421052634,0.15789473684210525
2022-06-06,0.44736842105263175,0.05263157894736842
2022-06-07,0.3947368421052634,0.05263157894736842
2022-06-08,0.44736842105263175,0.15789473684210525
2022-06-09,0.5789473684210528,0.10526315789473684
2022-06-10,0.631578947368421,0.0
2022-06-11,0.5789473684210529,0.10526315789473684
2022-06-12,0.6315789473684212,0.21052631578947367
2022-06-13,0.6052631578947371,0.2631578947368421
2022-06-14,0.44736842105263175,0.05263157894736842
2022-06-15,0.5789473684210529,0.3157894736842105
2022-06-16,0.6315789473684212,0.21052631578947367
2022-06-17,0.6578947368421055,0.26315789473684215
2022-06-18,0.7105263157894739,0.1578947368421053
2022-06-19,0.5526315789473687,0.15789473684210525
2022-06-20,0.5000000000000002,0.05263157894736842
2022-06-21,0.5263157894736842,0.0
2022-06-22,0.5263157894736842,0.0
2022-06-23,0.44736842105263175,0.15789473684210525
2022-06-24,0.473684210526316,0.21052631578947373
2022-06-25,0.6052631578947371,0.05263157894736836
2022-06-26,0.3947368421052634,0.47368421052631576
2022-06-27,0.2105263157894739,0.10526315789473684
2022-06-28,0.3947368421052634,0.2631578947368421
2022-06-29,0.473684210526316,0.10526315789473684
2022-06-30,0.42105263157894735,0.0
2022-07-01,0.3947368421052633,0.05263157894736842
2022-07-02,0.3157894736842107,0.10526315789473684
2022-07-03,0.2631578947368421,0.0
2022-07-04,0.47368421052631593,0.4210526315789474
2022-07-05,0.5263157894736844,0.31578947368421056
2022-07-06,0.3684210526315789,0.0
2022-07-07,0.3684210526315789,0.0
2022-07-08,0.44736842105263175,0.15789473684210525
2022-07-09,0.4736842105263159,0.10526315789473684
2022-07-10,0.3684210526315791,0.10526315789473684
2022-07-11,0.3947368421052633,0.15789473684210525
2022-07-12,0.44736842105263175,0.05263157894736842
2022-07-13,0.42105263157894735,0.0
2022-07-14,0.44736842105263175,0.05263157894736842
2022-07-15,0.4210526315789475,0.10526315789473684
2022-07-16,0.3157894736842107,0.10526315789473684
2022-07-17,0.3684210526315791,0.21052631578947367
2022-07-18,0.3684210526315791,0.21052631578947367
2022-07-19,0.3421052631578949,0.15789473684210525
2022-07-20,0.44736842105263175,0.05263157894736842
2022-07-21,0.4210526315789475,0.10526315789473684
2022-07-22,0.3421052631578949,0.05263157894736842
2022-07-23,0.3684210526315791,0.10526315789473684
2022-07-24,0.5263157894736843,0.21052631578947367
2022-07-25,0.5526315789473686,0.15789473684210525
2022-07-26,0.44736842105263175,0.05263157894736842
2022-07-27,0.44736842105263175,0.05263157894736842
2022-07-28,0.44736842105263175,0.05263157894736842
2022-07-29,0.47368421052631593,0.10526315789473684
2022-07-30,0.3947368421052633,0.2631578947368421
2022-07-31,0.4210526315789475,0.31578947368421056
2022-08-01,0.6985645933014355,0.23923444976076558
2022-08-02,0.6363636363636365,0.3636363636363637
2022-08-03,0.590909090909091,0.27272727272727276
2022-08-04,0.5454545454545455,0.36363636363636365
2022-08-05,0.5454545454545455,0.36363636363636365
2022-08-06,0.8181818181818182,0.18181818181818177
2022-08-07,0.6818181818181819,0.45454545454545453
2022-08-08,0.590909090909091,0.27272727272727276
2022-08-09,0.6818181818181819,0.09090909090909094
2022-08-10,0.5909090909090909,0.09090909090909094
2022-08-11,0.5,0.09090909090909088
2022-08-12,0.7272727272727273,0.5454545454545454
2022-08-13,0.7727272727272727,0.4545454545454546
2022-08-14,0.5909090909090908,0.09090909090909094
2022-08-15,0.5,0.2727272727272727
2022-08-16,0.5,0.2727272727272727
2022-08-17,0.5,0.2727272727272727
2022-08-18,0.5,0.2727272727272727
2022-08-19,0.6818181818181819,0.09090909090909094
2022-08-20,0.6363636363636364,0.18181818181818188
2022-08-21,0.6363636363636364,0.18181818181818188
2022-08-22,0.6818181818181819,0.09090909090909094
2022-08-23,0.6818181818181819,0.09090909090909094
2022-08-24,0.4545454545454546,0.5454545454545454
2022-08-25,0.36363636363636365,0.3636363636363636
2022-08-26,0.5,0.09090909090909088
2022-08-27,0.6363636363636364,0.3636363636363637
2022-08-28,0.5909090909090908,0.4545454545454546
2022-08-29,0.5454545454545454,0.36363636363636365
2022-08-30,0.6818181818181819,0.09090909090909094
2022-08-31,0.5909090909090908,0.09090909090909094
2022-09-01,0.5909090909090908,0.09090909090909094
2022-09-02,0.7727272727272727,0.2727272727272727
2022-09-03,0.7727272727272727,0.2727272727272727
2022-09-04,0.6818181818181819,0.09090909090909094
2022-09-05,0.6818181818181819,0.09090909090909094
2022-09-06,0.5909090909090908,0.09090909090909094
2022-09-07,0.6818181818181819,0.2727272727272728
2022-09-08,0.7727272727272727,0.09090909090909094
2022-09-09,0.6818181818181819,0.09090909090909094
2022-09-10,0.6363636363636364,0.0
2022-09-11,0.5909090909090908,0.09090909090909094
2022-09-12,0.5,0.09090909090909088
2022-09-13,0.5909090909090909,0.27272727272727276
2022-09-14,0.7272727272727273,0.0
2022-09-15,0.7272727272727273,0.0
2022-09-16,0.5909090909090909,0.27272727272727276
2022-09-17,0.45454545454545453,0.0
2022-09-18,0.5909090909090909,0.27272727272727276
2022-09-19,0.5909090909090909,0.27272727272727276
2022-09-20,0.6363636363636364,0.3636363636363637
2022-09-21,0.6363636363636364,0.3636363636363637
2022-09-22,0.5454545454545454,0.18181818181818182
2022-09-23,0.5909090909090908,0.09090909090909094
2022-09-24,0.5909090909090908,0.09090909090909094
2022-09-25,0.7272727272727273,0.18181818181818188
2022-09-26,0.6818181818181819,0.2727272727272728
2022-09-27,0.6363636363636364,0.18181818181818188
2022-09-28,0.7272727272727273,0.0
2022-09-29,0.5909090909090909,0.27272727272727276
2022-09-30,0.45454545454545453,0.0
2022-10-01,0.45454545454545453,0.0
2022-10-02,0.45454545454545453,0.0
2022-10-03,0.40909090909090906,0.09090909090909088
2022-10-04,0.5454545454545454,0.36363636363636365
2022-10-05,0.6363636363636362,0.18181818181818188
2022-10-06,0.5454545454545454,0.0
2022-10-07,0.5454545454545454,0.0
2022-10-08,0.5454545454545454,0.0
2022-10-09,0.5454545454545454,0.0
2022-10-10,0.5454545454545454,0.0
2022-10-11,0.5454545454545454,0.0
2022-10-12,0.5454545454545454,0.0
2022-10-13,0.5454545454545454,0.0
2022-10-14,0.4545454545454545,0.18181818181818177
2022-10-15,0.36363636363636365,0.0
2022-10-16,0.4545454545454545,0.18181818181818177
2022-10-17,0.5909090909090908,0.09090909090909094
2022-10-18,0.5909090909090908,0.09090909090909094
2022-10-19,0.7272727272727272,0.36363636363636365
2022-10-20,0.7272727272727272,0.36363636363636365
2022-10-21,0.4999999999999999,0.09090909090909088
2022-10-22,0.5909090909090908,0.27272727272727276
2022-10-23,0.6818181818181817,0.09090909090909094
2022-10-24,0.4999999999999999,0.2727272727272727
2022-10-25,0.36363636363636365,0.0
2022-10-26,0.36363636363636365,0.0
2022-10-27,0.8181818181818181,0.9090909090909091
2022-10-28,1.2727272727272727,0.0
2022-10-29,1.2727272727272727,0.0
2022-10-30,0.7272727272727272,1.0909090909090908
2022-10-31,0.2727272727272726,0.18181818181818182
2022-11-01,0.4999999999999999,0.2727272727272727
2022-11-02,0.6363636363636364,0.0
2022-11-03,0.6363636363636364,0.0
2022-11-04,0.6363636363636364,0.0
2022-11-05,0.8636363636363635,0.4545454545454545
2022-11-06,0.7727272727272727,0.6363636363636362
2022-11-07,0.5,0.09090909090909088
2022-11-08,0.6818181818181819,0.2727272727272728
2022-11-09,0.6363636363636364,0.3636363636363637
2022-11-10,0.45454545454545453,0.0
2022-11-11,0.5454545454545454,0.18181818181818182
2022-11-12,0.6363636363636364,0.0
2022-11-13,0.7272727272727273,0.18181818181818188
2022-11-14,0.590909090909091,0.4545454545454546
2022-11-15,0.40909090909090917,0.09090909090909088
2022-11-16,0.45454545454545453,0.0
2022-11-17,0.5,0.09090909090909088
2022-11-18,0.5454545454545454,0.0
2022-11-19,0.5454545454545454,0.0
2022-11-20,0.5454545454545454,0.0
2022-11-21,0.5454545454545454,0.0
2022-11-22,0.5454545454545454,0.0
2022-11-23,0.5454545454545454,0.0
2022-11-24,0.5454545454545454,0.0
2022-11-25,0.5,0.09090909090909088
2022-11-26,0.36363636363636365,0.18181818181818182
2022-11-27,0.3181818181818182,0.09090909090909094
2022-11-28,0.36363636363636365,0.0
2022-11-29,0.40909090909090906,0.09090909090909088
2022-11-30,0.3181818181818182,0.2727272727272727
2022-12-01,0.2727272727272727,0.18181818181818182
2022-12-02,0.40909090909090906,0.09090909090909088
2022-12-03,0.36363636363636365,0.18181818181818182
2022-12-04,0.22727272727272727,0.09090909090909088
2022-12-05,0.2727272727272727,0.18181818181818182
2022-12-06,0.2727272727272727,0.18181818181818182
2022-12-07,0.3181818181818182,0.2727272727272727
2022-12-08,0.45454545454545453,0.0
2022-12-09,0.45454545454545453,0.0
2022-12-10,0.45454545454545453,0.0
2022-12-11,0.45454545454545453,0.0
2022-12-12,0.45454545454545453,0.0
2022-12-13,0.45454545454545453,0.0
2022-12-14,0.40909090909090906,0.09090909090909088
2022-12-15,0.36363636363636365,0.0
2022-12-16,0.36363636363636365,0.0
2022-12-17,0.36363636363636365,0.0
2022-12-18,0.36363636363636365,0.0
2022-12-19,0.36363636363636365,0.0
2022-12-20,0.36363636363636365,0.0
2022-12-21,0.3181818181818182,0.09090909090909094
2022-12-22,0.40909090909090906,0.2727272727272727
2022-12-23,0.5454545454545454,0.0
2022-12-24,0.5454545454545454,0.0
2022-12-25,0.40909090909090906,0.2727272727272727
2022-12-26,0.2727272727272727,0.0
2022-12-27,0.2727272727272727,0.0
2022-12-28,0.2727272727272727,0.0
2022-12-29,0.2727272727272727,0.0
2022-12-30,0.2727272727272727,0.0
2022-12-31,0.2727272727272727,0.0
2023-01-01,0.2727272727272727,0.0
2023-01-02,0.2727272727272727,0.0
2023-01-03,0.2727272727272727,0.0
2023-01-04,0.2727272727272727,0.0
2023-01-05,0.2727272727272727,0.0
2023-01-06,0.2727272727272727,0.0
2023-01-07,0.2727272727272727,0.0
2023-01-08,0.3181818181818182,0.09090909090909094
2023-01-09,0.3181818181818182,0.09090909090909094
2023-01-10,0.36363636363636365,0.18181818181818182
2023-01-11,0.6363636363636364,0.3636363636363637
2023-01-12,0.6363636363636364,0.3636363636363637
2023-01-13,0.36363636363636365,0.18181818181818182
2023-01-14,0.2727272727272727,0.0
2023-01-15,0.36363636363636365,0.18181818181818182
2023-01-16,0.45454545454545453,0.0
2023-01-17,0.45454545454545453,0.0
2023-01-18,0.5,0.09090909090909088
2023-01-19,0.40909090909090906,0.2727272727272727
2023-01-20,0.45454545454545453,0.36363636363636365
2023-01-21,0.45151515151515154,0.3696969696969697
2023-01-22,0.23333333333333334,0.06666666666666665
2023-01-23,0.23333333333333334,0.06666666666666665
2023-01-24,0.33333333333333337,0.13333333333333336
2023-01-25,0.26666666666666666,0.2666666666666667
2023-01-26,0.26666666666666666,0.2666666666666667
2023-01-27,0.30000000000000004,0.2
2023-01-28,0.26666666666666666,0.1333333333333333
2023-01-29,0.26666666666666666,0.1333333333333333
2023-01-30,0.2,0.0
2023-01-31,0.2,0.0
2023-02-01,0.26666666666666666,0.1333333333333333
2023-02-02,0.3666666666666667,0.06666666666666671
2023-02-03,0.33333333333333337,0.13333333333333336
2023-02-04,0.33333333333333337,0.13333333333333336
2023-02-05,0.3666666666666667,0.06666666666666671
2023-02-06,0.3666666666666667,0.06666666666666671
2023-02-07,0.4,0.0
2023-02-08,0.43333333333333335,0.06666666666666665
2023-02-09,0.4,0.13333333333333336
2023-02-10,0.4333333333333333,0.2
2023-02-11,0.49999999999999994,0.06666666666666665
2023-02-12,0.5666666666666667,0.19999999999999996
2023-02-13,0.43333333333333335,0.4666666666666666
2023-02-14,0.39999999999999997,0.39999999999999997
2023-02-15,0.3999999999999999,0.39999999999999997
2023-02-16,0.33333333333333337,0.26666666666666666
2023-02-17,0.43333333333333335,0.06666666666666665
2023-02-18,0.30000000000000004,0.2
2023-02-19,0.36666666666666664,0.3333333333333333
2023-02-20,0.3999999999999999,0.26666666666666666
2023-02-21,0.33333333333333337,0.13333333333333336
2023-02-22,0.4,0.0
2023-02-23,0.3666666666666667,0.06666666666666671
2023-02-24,0.3333333333333333,0.0
2023-02-25,0.3666666666666667,0.06666666666666671
2023-02-26,0.4,0.0
2023-02-27,0.3666666666666667,0.06666666666666671
2023-02-28,0.4,0.13333333333333336
2023-03-01,0.3,0.33333333333333337
2023-03-02,0.26666666666666666,0.2666666666666667
2023-03-03,0.33333333333333337,0.13333333333333336
2023-03-04,0.26666666666666666,0.0
2023-03-05,0.3666666666666667,0.2
2023-03-06,0.3666666666666667,0.2
2023-03-07,0.23333333333333334,0.06666666666666665
2023-03-08,0.4,0.39999999999999997
2023-03-09,0.3333333333333333,0.5333333333333333
2023-03-10,0.33333333333333326,0.5333333333333333
2023-03-11,0.43333333333333324,0.3333333333333333
2023-03-12,0.29999999999999993,0.06666666666666665
2023-03-13,0.3666666666666666,0.06666666666666671
2023-03-14,0.4,0.0
2023-03-15,0.3666666666666666,0.06666666666666671
2023-03-16,0.3333333333333333,0.0
2023-03-17,0.3333333333333333,0.0
2023-03-18,0.3333333333333333,0.0
2023-03-19,0.3333333333333333,0.0
2023-03-20,0.3666666666666666,0.06666666666666671
2023-03-21,0.4,0.0
2023-03-22,0.3666666666666666,0.06666666666666671
2023-03-23,0.4666666666666666,0.26666666666666666
2023-03-24,0.5333333333333332,0.1333333333333333
2023-03-25,0.5,0.06666666666666665
2023-03-26,0.5,0.06666666666666665
2023-03-27,0.43333333333333335,0.06666666666666665
2023-03-28,0.43333333333333335,0.06666666666666665
2023-03-29,0.4666666666666667,0.0
2023-03-30,0.4666666666666667,0.0
2023-03-31,0.5666666666666667,0.19999999999999996
2023-04-01,0.43333333333333335,0.4666666666666666
2023-04-02,0.23333333333333334,0.06666666666666665
2023-04-03,0.2,0.13333333333333333
2023-04-04,0.13333333333333333,0.0
2023-04-05,0.13333333333333333,0.0
2023-04-06,0.36666666666666664,0.4666666666666667
2023-04-07,0.36666666666666664,0.4666666666666667
2023-04-08,0.3,0.33333333333333337
2023-04-09,0.3666666666666667,0.2
2023-04-10,0.39999999999999997,0.26666666666666666
2023-04-11,0.5333333333333333,0.0
2023-04-12,0.6,0.1333333333333333
2023-04-13,0.5,0.3333333333333333
2023-04-14,0.3333333333333333,0.0
2023-04-15,0.3,0.06666666666666665
2023-04-16,0.3,0.06666666666666665
2023-04-17,0.26666666666666666,0.1333333333333333
2023-04-18,0.26666666666666666,0.1333333333333333
2023-04-19,0.3666666666666667,0.06666666666666671
2023-04-20,0.3666666666666667,0.06666666666666671
2023-04-21,0.23333333333333334,0.19999999999999998
2023-04-22,0.33333333333333337,0.4
2023-04-23,0.3666666666666667,0.3333333333333333
2023-04-24,0.2,0.0
2023-04-25,0.2,0.0
2023-04-26,0.16666666666666669,0.06666666666666668
2023-04-27,0.2666666666666667,0.2666666666666667
2023-04-28,0.4,0.0
2023-04-29,0.30000000000000004,0.2
2023-04-30,0.2666666666666667,0.1333333333333333
2023-05-01,0.4,0.13333333333333336
2023-05-02,0.43333333333333335,0.06666666666666665
2023-05-03,0.4,0.0
2023-05-04,0.43333333333333335,0.06666666666666665
2023-05-05,0.4,0.13333333333333336
2023-05-06,0.3666666666666667,0.06666666666666671
2023-05-07,0.43333333333333335,0.06666666666666665
2023-05-08,0.43333333333333335,0.06666666666666665
2023-05-09,0.4,0.0
2023-05-10,0.3666666666666667,0.06666666666666671
2023-05-11,0.3333333333333333,0.0
2023-05-12,0.3333333333333333,0.0
2023-05-13,0.3666666666666667,0.06666666666666671
2023-05-14,0.4,0.0
2023-05-15,0.4,0.0
2023-05-16,0.33333333333333337,0.13333333333333336
2023-05-17,0.33333333333333337,0.13333333333333336
2023-05-18,0.43333333333333335,0.06666666666666665
2023-05-19,0.43333333333333335,0.06666666666666665
2023-05-20,0.46666666666666673,0.1333333333333333
2023-05-21,0.6000000000000001,0.1333333333333333
2023-05-22,0.5333333333333334,0.2666666666666666
2023-05-23,0.4,0.0
2023-05-24,0.3666666666666667,0.06666666666666671
2023-05-25,0.3333333333333333,0.0
2023-05-26,0.4,0.13333333333333336
2023-05-27,0.5000000000000001,0.06666666666666665
2023-05-28,0.40000000000000013,0.26666666666666666
2023-05-29,0.4000000000000001,0.26666666666666666
2023-05-30,0.4,0.26666666666666666
2023-05-31,0.3666666666666668,0.2
2023-06-01,0.3666666666666668,0.2
2023-06-02,0.3333333333333335,0.13333333333333336
2023-06-03,0.3666666666666668,0.06666666666666671
2023-06-04,0.40000000000000013,0.13333333333333336
2023-06-05,0.4666666666666667,0.0
2023-06-06,0.40000000000000013,0.13333333333333336
2023-06-07,0.40000000000000013,0.13333333333333336
2023-06-08,0.23333333333333345,0.4666666666666667
2023-06-09,0.0,0.0
2023-06-10,0.0,0.0
2023-06-11,0.0,0.0
2023-06-12,0.13333333333333344,0.26666666666666666
2023-06-13,0.26666666666666666,0.0
2023-06-14,0.3000000000000001,0.06666666666666665
2023-06-15,0.3333333333333333,0.0
2023-06-16,0.3000000000000001,0.06666666666666665
2023-06-17,0.26666666666666666,0.0
2023-06-18,0.3000000000000001,0.06666666666666665
2023-06-19,0.43333333333333346,0.2
2023-06-20,0.5333333333333333,0.0
2023-06-21,0.43333333333333335,0.2
2023-06-22,0.30000000000000004,0.06666666666666665
2023-06-23,0.30000000000000004,0.06666666666666665
2023-06-24,0.30000000000000004,0.06666666666666665
2023-06-25,0.33333333333333337,0.13333333333333336
2023-06-26,0.33333333333333337,0.13333333333333336
2023-06-27,0.33333333333333337,0.13333333333333336
2023-06-28,0.5000000000000001,0.19999999999999996
2023-06-29,0.43333333333333346,0.3333333333333333
2023-06-30,0.46666666666666673,0.39999999999999997
2023-07-01,0.3666666666666667,0.6
2023-07-02,0.36666666666666675,0.6
2023-07-03,0.4666666666666668,0.39999999999999997
2023-07-04,0.3333333333333335,0.13333333333333336
2023-07-05,0.4,0.0
2023-07-06,0.4,0.0
2023-07-07,0.20000000000000012,0.4
2023-07-08,0.38461538461538475,0.7692307692307693
2023-07-09,0.5769230769230771,0.38461538461538464
2023-07-10,0.34615384615384626,0.07692307692307693
2023-07-11,0.3076923076923077,0.0
2023-07-12,0.3076923076923077,0.0
2023-07-13,0.4230769230769232,0.23076923076923073
2023-07-14,0.5384615384615384,0.0
2023-07-15,0.5384615384615384,0.0
2023-07-16,0.5384615384615384,0.0
2023-07-17,0.5000000000000001,0.07692307692307687
2023-07-18,0.38461538461538475,0.15384615384615385
2023-07-19,0.3076923076923077,0.0
2023-07-20,0.3076923076923077,0.0
2023-07-21,0.38461538461538475,0.15384615384615385
2023-07-22,0.38461538461538475,0.15384615384615385
2023-07-23,0.4615384615384617,0.3076923076923077
2023-07-24,0.5769230769230771,0.07692307692307698
2023-07-25,0.5000000000000001,0.07692307692307687
2023-07-26,0.5000000000000001,0.07692307692307687
2023-07-27,0.3846153846153847,0.30769230769230765
2023-07-28,0.4230769230769232,0.38461538461538464
2023-07-29,0.6153846153846154,0.0
2023-07-30,0.5384615384615385,0.15384615384615385
2023-07-31,0.42307692307692324,0.07692307692307693
2023-08-01,0.38461538461538464,0.0
2023-08-02,0.38461538461538464,0.0
2023-08-03,0.38461538461538464,0.0
2023-08-04,0.42307692307692324,0.07692307692307693
2023-08-05,0.38461538461538475,0.15384615384615385
2023-08-06,0.38461538461538475,0.15384615384615385
2023-08-07,0.42307692307692324,0.07692307692307693
2023-08-08,0.38461538461538464,0.0
2023-08-09,0.5384615384615385,0.30769230769230765
2023-08-10,0.6923076923076923,0.0
2023-08-11,0.653846153846154,0.07692307692307687
2023-08-12,0.653846153846154,0.07692307692307687
2023-08-13,0.5384615384615385,0.30769230769230765
2023-08-14,0.38461538461538464,0.0
2023-08-15,0.38461538461538464,0.0
2023-08-16,0.38461538461538464,0.0
2023-08-17,0.5384615384615385,0.30769230769230765
2023-08-18,0.5000000000000001,0.3846153846153846
2023-08-19,0.2692307692307694,0.07692307692307693
2023-08-20,0.23076923076923078,0.0
2023-08-21,0.5384615384615385,0.6153846153846154
2023-08-22,0.653846153846154,0.3846153846153846
2023-08-23,0.46153846153846156,0.0
2023-08-24,0.46153846153846156,0.0
2023-08-25,0.34615384615384637,0.23076923076923078
2023-08-26,0.3076923076923079,0.15384615384615385
2023-08-27,0.38461538461538464,0.0
2023-08-28,0.19230769230769248,0.38461538461538464
2023-08-29,0.3846153846153848,0.7692307692307693
2023-08-30,0.653846153846154,0.23076923076923084
2023-08-31,0.42307692307692324,0.23076923076923073
2023-09-01,0.3076923076923077,0.0
2023-09-02,0.42307692307692324,0.23076923076923073
2023-09-03,0.5384615384615384,0.0
2023-09-04,0.4615384615384617,0.1538461538461538
2023-09-05,0.38461538461538464,0.0
2023-09-06,0.38461538461538464,0.0
2023-09-07,0.38461538461538464,0.0
2023-09-08,0.38461538461538464,0.0
2023-09-09,0.38461538461538464,0.0
2023-09-10,0.23076923076923095,0.3076923076923077
2023-09-11,0.3846153846153848,0.6153846153846154
2023-09-12,0.6153846153846156,0.15384615384615385
2023-09-13,0.4615384615384618,0.1538461538461538
2023-09-14,0.4006410256410259,0.03205128205128205
2023-09-15,0.20833333333333356,0.4166666666666667
2023-09-16,0.0,0.0
2023-09-17,0.0,0.0
2023-09-18,0.16666666666666688,0.3333333333333333
2023-09-19,0.3750000000000002,0.08333333333333337
2023-09-20,0.4583333333333336,0.08333333333333331
2023-09-21,0.4583333333333336,0.08333333333333331
2023-09-22,0.5416666666666669,0.24999999999999994
2023-09-23,0.6666666666666666,0.0
2023-09-24,0.5000000000000002,0.3333333333333333
2023-09-25,0.5000000000000002,0.3333333333333333
2023-09-26,0.41666666666666685,0.5
2023-09-27,0.5000000000000002,0.6666666666666667
2023-09-28,0.6666666666666669,0.33333333333333337
2023-09-29,0.5416666666666669,0.08333333333333337
2023-09-30,0.4583333333333335,0.25000000000000006
2023-10-01,0.45833333333333354,0.25000000000000006
2023-10-02,0.4583333333333335,0.25000000000000006
2023-10-03,0.3333333333333333,0.0
2023-10-04,0.3750000000000002,0.08333333333333337
2023-10-05,0.4166666666666667,0.0
2023-10-06,0.4166666666666667,0.0
2023-10-07,0.3750000000000002,0.08333333333333337
2023-10-08,0.4583333333333336,0.25000000000000006
2023-10-09,0.4166666666666669,0.33333333333333337
2023-10-10,0.3333333333333335,0.16666666666666669
2023-10-11,0.4166666666666667,0.0
2023-10-12,0.3333333333333335,0.16666666666666669
2023-10-13,0.25,0.0
2023-10-14,0.29166666666666685,0.08333333333333331
2023-10-15,0.32291666666666685,0.020833333333333315
2023-10-16,0.3125,0.0
2023-10-17,0.28125000000000017,0.0625
2023-10-18,0.25,0.0
2023-10-19,0.25,0.0
2023-10-20,0.25,0.0
2023-10-21,0.15625000000000017,0.1875
2023-10-22,0.12500000000000017,0.125
2023-10-23,0.25000000000000017,0.125
2023-10-24,0.21875000000000017,0.1875
2023-10-25,0.18750000000000017,0.125
2023-10-26,0.25,0.0
2023-10-27,0.21875000000000017,0.0625
2023-10-28,0.28125000000000017,0.1875
2023-10-29,0.375,0.0
2023-10-30,0.28125000000000017,0.1875
2023-10-31,0.25000000000000017,0.125
2023-11-01,0.3125,0.0
2023-11-02,0.25000000000000017,0.125
2023-11-03,0.31250000000000017,0.25
2023-11-04,0.37500000000000017,0.125
2023-11-05,0.28125000000000017,0.0625
2023-11-06,0.31250000000000017,0.125
2023-11-07,0.375,0.0
2023-11-08,0.375,0.0
2023-11-09,0.375,0.0
2023-11-10,0.375,0.0
2023-11-11,0.375,0.0
2023-11-12,0.375,0.0
2023-11-13,0.21875000000000017,0.3125
2023-11-14,0.09375000000000017,0.0625
2023-11-15,0.18750000000000017,0.125
2023-11-16,0.40625000000000017,0.3125
2023-11-17,0.37500000000000017,0.375
2023-11-18,0.28125000000000017,0.1875
2023-11-19,0.34375000000000017,0.0625
2023-11-20,0.34375000000000017,0.0625
2023-11-21,0.40625000000000017,0.0625
2023-11-22,0.37500000000000017,0.125
2023-11-23,0.43750000000000017,0.25
2023-11-24,0.40625000000000017,0.3125
2023-11-25,0.34375000000000017,0.1875
2023-11-26,0.40625000000000017,0.0625
2023-11-27,0.34375000000000017,0.0625
2023-11-28,0.40625000000000017,0.1875
2023-11-29,0.40625000000000017,0.1875
2023-11-30,0.34375000000000017,0.0625
2023-12-01,0.375,0.0
2023-12-02,0.375,0.0
2023-12-03,0.375,0.0
2023-12-04,0.375,0.0
2023-12-05,0.46875000000000017,0.1875
2023-12-06,0.43750000000000017,0.25
2023-12-07,0.3125,0.0
2023-12-08,0.3125,0.0
2023-12-09,0.3125,0.0
2023-12-10,0.3125,0.0
2023-12-11,0.3125,0.0
2023-12-12,0.28125000000000017,0.0625
2023-12-13,0.18750000000000017,0.125
2023-12-14,0.09375000000000017,0.0625
2023-12-15,0.25000000000000017,0.375
2023-12-16,0.46875000000000017,0.0625
2023-12-17,0.28125000000000017,0.4375
2023-12-18,0.18750000000000017,0.25
2023-12-19,0.3125,0.0
2023-12-20,0.3125,0.0
2023-12-21,0.40625000000000017,0.1875
2023-12-22,0.43750000000000017,0.125
2023-12-23,0.34375000000000017,0.0625
2023-12-24,0.3125,0.0
2023-12-25,0.5000000000000002,0.375
2023-12-26,0.5312500000000002,0.3125
2023-12-27,0.43750000000000017,0.125
2023-12-28,0.40625000000000017,0.1875
2023-12-29,0.3125,0.0
2023-12-30,0.34375000000000017,0.0625
2023-12-31,0.375,0.0
2024-01-01,0.40625000000000017,0.0625
2024-01-02,0.4375,0.0
2024-01-03,0.4375,0.0
2024-01-04,0.40625000000000017,0.0625
2024-01-05,0.40625000000000017,0.0625
2024-01-06,0.40625000000000017,0.0625
2024-01-07,0.34375000000000017,0.0625
2024-01-08,0.34375000000000017,0.0625
2024-01-09,0.375,0.0
2024-01-10,0.43750000000000017,0.125
2024-01-11,0.5312500000000002,0.0625
2024-01-12,0.43750000000000017,0.25
2024-01-13,0.46875000000000017,0.3125
2024-01-14,0.46875000000000017,0.3125
2024-01-15,0.43750000000000017,0.25
2024-01-16,0.40625000000000017,0.3125
2024-01-17,0.31250000000000017,0.125
2024-01-18,0.43750000000000017,0.125
2024-01-19,0.40625000000000017,0.1875
2024-01-20,0.3125,0.0
2024-01-21,0.3125,0.0
2024-01-22,0.3125,0.0
2024-01-23,0.3125,0.0
2024-01-24,0.3125,0.0
2024-01-25,0.3125,0.0
2024-01-26,0.3125,0.0
2024-01-27,0.21875000000000017,0.1875
2024-01-28,0.21875000000000017,0.1875
2024-01-29,0.25000000000000017,0.125
2024-01-30,0.28125000000000017,0.1875
2024-01-31,0.31250000000000017,0.125
2024-02-01,0.25,0.0
2024-02-02,0.40625000000000017,0.3125
2024-02-03,0.5625,0.0
2024-02-04,0.46875000000000017,0.1875
2024-02-05,0.375,0.0
2024-02-06,0.40625000000000017,0.0625
2024-02-07,0.4375,0.0
2024-02-08,0.4375,0.0
2024-02-09,0.4375,0.0
2024-02-10,0.4375,0.0
2024-02-11,0.4375,0.0
2024-02-12,0.4375,0.0
2024-02-13,0.37500000000000017,0.125
2024-02-14,0.3125,0.0
2024-02-15,0.34375000000000017,0.0625
2024-02-16,0.375,0.0
2024-02-17,0.375,0.0
2024-02-18,0.375,0.0
2024-02-19,0.375,0.0
2024-02-20,0.31250000000000017,0.125
2024-02-21,0.31250000000000017,0.125
2024-02-22,0.375,0.0
2024-02-23,0.43750000000000017,0.125
2024-02-24,0.31250000000000017,0.375
2024-02-25,0.25000000000000017,0.25
2024-02-26,0.40625000000000017,0.0625
2024-02-27,0.40625000000000017,0.0625
2024-02-28,0.375,0.0
2024-02-29,0.43750000000000017,0.125
2024-03-01,0.5,0.0
2024-03-02,0.43750000000000017,0.125
2024-03-03,0.375,0.0
2024-03-04,0.375,0.0
2024-03-05,0.43750000000000017,0.125
2024-03-06,0.46875000000000017,0.0625
2024-03-07,0.4375,0.0
2024-03-08,0.40625000000000017,0.0625
2024-03-09,0.28125000000000017,0.1875
2024-03-10,0.40625000000000017,0.4375
2024-03-11,0.625,0.0
2024-03-12,0.625,0.0
2024-03-13,0.5000000000000002,0.25
2024-03-14,0.43750000000000017,0.125
2024-03-15,0.46875000000000017,0.0625
2024-03-16,0.5000000000000002,0.125
2024-03-17,0.43750000000000017,0.25
2024-03-18,0.37500000000000017,0.125
2024-03-19,0.5000000000000002,0.125
2024-03-20,0.46875000000000017,0.1875
2024-03-21,0.40625000000000017,0.0625
2024-03-22,0.40625000000000017,0.0625
2024-03-23,0.375,0.0
2024-03-24,0.31250000000000017,0.125
2024-03-25,0.40625000000000017,0.3125
2024-03-26,0.40625000000000017,0.3125
2024-03-27,0.25,0.0
2024-03-28,0.25,0.0
2024-03-29,0.34375000000000017,0.1875
2024-03-30,0.40625000000000017,0.0625
2024-03-31,0.40625000000000017,0.0625
2024-04-01,0.46875000000000017,0.0625
2024-04-02,0.31250000000000017,0.375
2024-04-03,0.125,0.0
2024-04-04,0.125,0.0
2024-04-05,0.125,0.0
2024-04-06,0.25000000000000017,0.25
2024-04-07,0.375,0.0
2024-04-08,0.25000000000000017,0.25
2024-04-09,0.31250000000000017,0.375
2024-04-10,0.37500000000000017,0.25
2024-04-11,0.25,0.0
2024-04-12,0.31250000000000017,0.125
2024-04-13,0.25000000000000017,0.25
2024-04-14,0.21875000000000017,0.1875
2024-04-15,0.21875000000000017,0.1875
2024-04-16,0.25000000000000017,0.25
2024-04-17,0.18750000000000017,0.375
2024-04-18,0.28125000000000017,0.5625
2024-04-19,0.43750000000000017,0.25
2024-04-20,0.34375000000000017,0.0625
2024-04-21,0.375,0.0
2024-04-22,0.43750000000000017,0.125
2024-04-23,0.46875000000000017,0.0625
2024-04-24,0.37500000000000017,0.125
2024-04-25,0.40625000000000017,0.1875
2024-04-26,0.5,0.0
2024-04-27,0.5,0.0
2024-04-28,0.5,0.0
2024-04-29,0.5,0.0
2024-04-30,0.5166666666666668,0.033333333333333326
2024-05-01,0.5333333333333333,0.0
2024-05-02,0.5000000000000002,0.06666666666666665
2024-05-03,0.5666666666666669,0.19999999999999996
2024-05-04,0.6666666666666666,0.0
2024-05-05,0.6666666666666666,0.0
2024-05-06,0.6666666666666666,0.0
2024-05-07,0.5333333333333334,0.2666666666666666
2024-05-08,0.4333333333333335,0.06666666666666665
2024-05-09,0.5000000000000002,0.06666666666666665
2024-05-10,0.40000000000000013,0.26666666666666666
2024-05-11,0.4000000000000002,0.26666666666666666
2024-05-12,0.43333333333333346,0.2
2024-05-13,0.4666666666666669,0.26666666666666666
2024-05-14,0.5666666666666669,0.06666666666666665
2024-05-15,0.5666666666666669,0.06666666666666665
2024-05-16,0.43333333333333357,0.3333333333333333
2024-05-17,0.26666666666666666,0.0
2024-05-18,0.26666666666666666,0.0
2024-05-19,0.26666666666666666,0.0
2024-05-20,0.5666666666666669,0.6000000000000001
2024-05-21,0.5666666666666669,0.6000000000000001
2024-05-22,0.3000000000000002,0.06666666666666665
2024-05-23,0.40000000000000024,0.13333333333333336
2024-05-24,0.5666666666666669,0.19999999999999996
2024-05-25,0.43333333333333357,0.4666666666666666
2024-05-26,0.4000000000000002,0.39999999999999997
2024-05-27,0.4666666666666668,0.26666666666666666
2024-05-28,0.3333333333333333,0.0
2024-05-29,0.40000000000000024,0.13333333333333336
2024-05-30,0.4666666666666667,0.0
2024-05-31,0.40000000000000024,0.13333333333333336
2024-06-01,0.3333333333333333,0.0
2024-06-02,0.3000000000000002,0.06666666666666665
2024-06-03,0.3000000000000002,0.06666666666666665
2024-06-04,0.3333333333333333,0.0
2024-06-05,0.3333333333333333,0.0
2024-06-06,0.3333333333333333,0.0
2024-06-07,0.3333333333333333,0.0
2024-06-08,0.3000000000000002,0.06666666666666665
2024-06-09,0.3666666666666669,0.2
2024-06-10,0.40000000000000024,0.13333333333333336
2024-06-11,0.3333333333333333,0.0
2024-06-12,0.43333333333333357,0.2
2024-06-13,0.40000000000000024,0.26666666666666666
2024-06-14,0.30000000000000016,0.06666666666666665
2024-06-15,0.30000000000000016,0.06666666666666665
2024-06-16,0.40000000000000013,0.26666666666666666
2024-06-17,0.40000000000000024,0.26666666666666666
2024-06-18,0.26666666666666666,0.0
2024-06-19,0.40000000000000013,0.26666666666666666
2024-06-20,0.43333333333333357,0.2
2024-06-21,0.2333333333333335,0.19999999999999998
2024-06-22,0.06666666666666683,0.13333333333333333
2024-06-23,0.16666666666666682,0.3333333333333333
2024-06-24,0.4666666666666668,0.26666666666666666
2024-06-25,0.5333333333333335,0.1333333333333333
2024-06-26,0.4666666666666667,0.0
2024-06-27,0.3666666666666668,0.2
2024-06-28,0.26666666666666666,0.0
2024-06-29,0.3333333333333335,0.13333333333333336
2024-06-30,0.4333333333333335,0.06666666666666665
2024-07-01,0.4333333333333335,0.06666666666666665
2024-07-02,0.4,0.0
2024-07-03,0.4,0.0
2024-07-04,0.4,0.0
2024-07-05,0.4,0.0
2024-07-06,0.4,0.0
2024-07-07,0.4,0.0
2024-07-08,0.4333333333333335,0.06666666666666665
2024-07-09,0.4666666666666667,0.0
2024-07-10,0.5000000000000002,0.06666666666666665
2024-07-11,0.40000000000000013,0.26666666666666666
2024-07-12,0.3333333333333335,0.13333333333333336
2024-07-13,0.4,0.0
2024-07-14,0.46666666666666684,0.1333333333333333
2024-07-15,0.46666666666666684,0.1333333333333333
2024-07-16,0.3666666666666668,0.06666666666666671
2024-07-17,0.3333333333333333,0.0
2024-07-18,0.30000000000000016,0.06666666666666665
2024-07-19,0.3666666666666668,0.2
2024-07-20,0.4333333333333335,0.06666666666666665
2024-07-21,0.4,0.0
2024-07-22,0.4,0.0
2024-07-23,0.4,0.0
2024-07-24,0.26666666666666683,0.2666666666666667
2024-07-25,0.20000000000000018,0.13333333333333333
2024-07-26,0.16666666666666685,0.2
2024-07-27,0.16666666666666682,0.2
2024-07-28,0.3666666666666668,0.2
2024-07-29,0.40000000000000013,0.13333333333333336
2024-07-30,0.30000000000000016,0.06666666666666665
2024-07-31,0.2333333333333335,0.06666666666666665
2024-08-01,0.3333333333333335,0.26666666666666666
2024-08-02,0.3333333333333335,0.26666666666666666
2024-08-03,0.2,0.0
2024-08-04,0.16666666666666685,0.06666666666666668
2024-08-05,0.20000000000000015,0.13333333333333333
2024-08-06,0.23333333333333348,0.06666666666666665
2024-08-07,0.26666666666666683,0.1333333333333333
2024-08-08,0.3666666666666668,0.06666666666666671
2024-08-09,0.2333333333333335,0.33333333333333337
2024-08-10,0.1333333333333335,0.13333333333333336
2024-08-11,0.30000000000000016,0.2
2024-08-12,0.2333333333333335,0.33333333333333337
2024-08-13,0.1333333333333335,0.13333333333333336
2024-08-14,0.2333333333333335,0.06666666666666665
2024-08-15,0.26666666666666666,0.0
2024-08-16,0.26666666666666666,0.0
2024-08-17,0.16666666666666682,0.2
2024-08-18,0.1333333333333335,0.13333333333333336
2024-08-19,0.2333333333333335,0.06666666666666665
2024-08-20,0.2333333333333335,0.06666666666666665
2024-08-21,0.3333333333333335,0.26666666666666666
2024-08-22,0.40000000000000013,0.13333333333333336
2024-08-23,0.3333333333333333,0.0
2024-08-24,0.26666666666666683,0.1333333333333333
2024-08-25,0.26666666666666683,0.1333333333333333
2024-08-26,0.30000000000000016,0.06666666666666665
2024-08-27,0.30000000000000016,0.06666666666666665
2024-08-28,0.2333333333333335,0.19999999999999998
2024-08-29,0.4666666666666669,0.6666666666666667
2024-08-30,0.5000000000000002,0.6000000000000001
2024-08-31,0.30000000000000027,0.2
2024-09-01,0.3666666666666669,0.06666666666666671
2024-09-02,0.3000000000000002,0.06666666666666665
2024-09-03,0.3000000000000002,0.06666666666666665
2024-09-04,0.3000000000000002,0.06666666666666665
2024-09-05,0.20000000000000023,0.13333333333333333
2024-09-06,0.13333333333333333,0.0
2024-09-07,0.20000000000000023,0.13333333333333333
2024-09-08,0.3666666666666669,0.2
2024-09-09,0.4000000000000002,0.13333333333333336
2024-09-10,0.36666666666666686,0.06666666666666671
2024-09-11,0.4,0.0
2024-09-12,0.3000000000000002,0.2
2024-09-13,0.3000000000000002,0.2
2024-09-14,0.4,0.0
2024-09-15,0.33333333333333354,0.13333333333333336
2024-09-16,0.4000000000000002,0.26666666666666666
2024-09-17,0.46666666666666684,0.1333333333333333
2024-09-18,0.4,0.0
2024-09-19,0.3333333333333336,0.13333333333333336
2024-09-20,0.3000000000000002,0.06666666666666665
2024-09-21,0.3000000000000002,0.06666666666666665
2024-09-22,0.3666666666666669,0.2
2024-09-23,0.40000000000000024,0.13333333333333336
2024-09-24,0.5000000000000002,0.3333333333333333
2024-09-25,0.6666666666666666,0.0
2024-09-26,0.5000000000000001,0.3333333333333333
2024-09-27,0.3333333333333333,0.0
2024-09-28,0.26666666666666683,0.1333333333333333
2024-09-29,0.30000000000000016,0.2
2024-09-30,0.4,0.0
2024-10-01,0.26666666666666683,0.2666666666666667
2024-10-02,0.06666666666666683,0.13333333333333333
2024-10-03,0.26666666666666683,0.5333333333333333
2024-10-04,0.40000000000000013,0.26666666666666666
2024-10-05,0.26666666666666666,0.0
2024-10-06,0.2333333333333335,0.06666666666666665
2024-10-07,0.30000000000000016,0.2
2024-10-08,0.3333333333333335,0.13333333333333336
2024-10-09,0.30000000000000016,0.06666666666666665
2024-10-10,0.30000000000000016,0.06666666666666665
2024-10-11,0.30000000000000016,0.06666666666666665
2024-10-12,0.20000000000000015,0.26666666666666666
2024-10-13,0.1333333333333335,0.13333333333333336
2024-10-14,0.3333333333333335,0.26666666666666666
2024-10-15,0.40000000000000013,0.13333333333333336
2024-10-16,0.26666666666666683,0.1333333333333333
2024-10-17,0.26666666666666683,0.1333333333333333
2024-10-18,0.30000000000000016,0.06666666666666665
2024-10-19,0.26666666666666666,0.0
2024-10-20,0.26666666666666666,0.0
2024-10-21,0.1333333333333335,0.26666666666666666
2024-10-22,0.26666666666666683,0.5333333333333333
2024-10-23,0.40000000000000013,0.26666666666666666
2024-10-24,0.26666666666666666,0.0
2024-10-25,0.26666666666666666,0.0
2024-10-26,0.26666666666666666,0.0
2024-10-27,0.26666666666666666,0.0
2024-10-28,0.40000000000000013,0.26666666666666666
2024-10-29,0.40000000000000024,0.26666666666666666
2024-10-30,0.26666666666666666,0.0
2024-10-31,0.26666666666666666,0.0
2024-11-01,0.30000000000000016,0.06666666666666665
2024-11-02,0.26666666666666683,0.1333333333333333
2024-11-03,0.26666666666666683,0.1333333333333333
2024-11-04,0.30000000000000016,0.06666666666666665
2024-11-05,0.26666666666666666,0.0
2024-11-06,0.30000000000000016,0.06666666666666665
2024-11-07,0.26666666666666683,0.1333333333333333
2024-11-08,0.26666666666666683,0.1333333333333333
2024-11-09,0.20000000000000015,0.26666666666666666
2024-11-10,0.16666666666666682,0.2
2024-11-11,0.26666666666666666,0.0
2024-11-12,0.26666666666666666,0.0
2024-11-13,0.26666666666666666,0.0
2024-11-14,0.26666666666666666,0.0
2024-11-15,0.26666666666666666,0.0
2024-11-16,0.2333333333333335,0.06666666666666665
2024-11-17,0.26666666666666683,0.1333333333333333
2024-11-18,0.30000000000000016,0.06666666666666665
2024-11-19,0.26666666666666666,0.0
2024-11-20,0.30000000000000016,0.06666666666666665
2024-11-21,0.3666666666666668,0.06666666666666671
2024-11-22,0.26666666666666683,0.2666666666666667
2024-11-23,0.2333333333333335,0.19999999999999998
2024-11-24,0.36666666666666686,0.06666666666666671
2024-11-25,0.3333333333333335,0.13333333333333336
2024-11-26,0.30000000000000016,0.06666666666666665
2024-11-27,0.3333333333333333,0.0
2024-11-28,0.26666666666666683,0.1333333333333333
2024-11-29,0.30000000000000016,0.2
2024-11-30,0.4,0.0
2024-12-01,0.4142857142857145,0.028571428571428525
2024-12-02,0.42857142857142855,0.0
2024-12-03,0.42857142857142855,0.0
2024-12-04,0.392857142857143,0.0714285714285714
2024-12-05,0.28571428571428586,0.14285714285714288
2024-12-06,0.2500000000000001,0.07142857142857142
2024-12-07,0.2500000000000001,0.07142857142857142
2024-12-08,0.28571428571428586,0.14285714285714288
2024-12-09,0.35714285714285715,0.0
2024-12-10,0.28571428571428586,0.14285714285714288
2024-12-11,0.2500000000000001,0.07142857142857142
2024-12-12,0.2500000000000001,0.07142857142857142
2024-12-13,0.28571428571428586,0.14285714285714288
2024-12-14,0.32142857142857156,0.07142857142857145
2024-12-15,0.3214285714285716,0.07142857142857145
2024-12-16,0.25000000000000017,0.2142857142857143
2024-12-17,0.17857142857142871,0.07142857142857142
2024-12-18,0.2500000000000001,0.07142857142857142
2024-12-19,0.2857142857142857,0.0
2024-12-20,0.2142857142857144,0.14285714285714285
2024-12-21,0.2047619047619049,0.12380952380952381
2024-12-22,0.26666666666666666,0.0
2024-12-23,0.26666666666666666,0.0
2024-12-24,0.26666666666666666,0.0
2024-12-25,0.20000000000000012,0.13333333333333333
2024-12-26,0.26666666666666683,0.2666666666666667
2024-12-27,0.23333333333333348,0.33333333333333337
2024-12-28,0.1666666666666668,0.2
2024-12-29,0.26666666666666666,0.0
2024-12-30,0.26666666666666666,0.0
2024-12-31,0.26666666666666666,0.0
2025-01-01,0.30000000000000016,0.06666666666666665
2025-01-02,0.3333333333333333,0.0
2025-01-03,0.26666666666666683,0.1333333333333333
2025-01-04,0.26666666666666683,0.1333333333333333
2025-01-05,0.30000000000000016,0.06666666666666665
2025-01-06,0.20000000000000012,0.13333333333333333
2025-01-07,0.30000000000000016,0.33333333333333337
2025-01-08,0.30000000000000016,0.33333333333333337
2025-01-09,0.23333333333333345,0.19999999999999998
2025-01-10,0.3333333333333333,0.0
2025-01-11,0.2000000000000001,0.26666666666666666
2025-01-12,0.2000000000000001,0.26666666666666666
2025-01-13,0.2666666666666668,0.1333333333333333
2025-01-14,0.2,0.0
2025-01-15,0.2666666666666668,0.1333333333333333
2025-01-16,0.23333333333333345,0.19999999999999998
2025-01-17,0.23333333333333342,0.19999999999999998
2025-01-18,0.30000000000000004,0.06666666666666665
2025-01-19,0.3000000000000001,0.06666666666666665
2025-01-20,0.3333333333333333,0.0
2025-01-21,0.23333333333333345,0.19999999999999998
2025-01-22,0.26666666666666683,0.2666666666666667
2025-01-23,0.30000000000000016,0.2
2025-01-24,0.3333333333333335,0.26666666666666666
2025-01-25,0.4666666666666667,0.0
2025-01-26,0.30000000000000016,0.33333333333333337
2025-01-27,0.26666666666666683,0.2666666666666667
2025-01-28,0.3333333333333335,0.13333333333333336
2025-01-29,0.30000000000000016,0.06666666666666665
2025-01-30,0.3333333333333333,0.0
2025-01-31,0.30000000000000016,0.06666666666666665
2025-02-01,0.26666666666666666,0.0
2025-02-02,0.40000000000000013,0.26666666666666666
2025-02-03,0.4666666666666669,0.1333333333333333
2025-02-04,0.3333333333333335,0.13333333333333336
2025-02-05,0.3333333333333335,0.13333333333333336
2025-02-06,0.3333333333333335,0.13333333333333336
2025-02-07,0.24047619047619062,0.05238095238095239
2025-02-08,0.2500000000000001,0.07142857142857142
2025-02-09,0.17857142857142871,0.21428571428571427
2025-02-10,0.32142857142857156,0.5
2025-02-11,0.4642857142857144,0.21428571428571425
2025-02-12,0.3214285714285716,0.07142857142857145
2025-02-13,0.3214285714285716,0.07142857142857145
2025-02-14,0.35714285714285715,0.0
2025-02-15,0.3214285714285716,0.07142857142857145
2025-02-16,0.4285714285714287,0.2857142857142857
2025-02-17,0.4285714285714287,0.2857142857142857
2025-02-18,0.2857142857142857,0.0
2025-02-19,0.3214285714285716,0.07142857142857145
2025-02-20,0.28571428571428586,0.14285714285714288
2025-02-21,0.2500000000000001,0.07142857142857142
2025-02-22,0.32142857142857156,0.07142857142857145
2025-02-23,0.2500000000000001,0.2142857142857143
2025-02-24,0.2500000000000001,0.2142857142857143
2025-02-25,0.35714285714285715,0.0
2025-02-26,0.32142857142857156,0.07142857142857145
2025-02-27,0.32142857142857156,0.07142857142857145
2025-02-28,0.405844155844156,0.09740259740259738
2025-03-01,0.2272727272727274,0.45454545454545453
2025-03-02,0.2272727272727274,0.45454545454545453
2025-03-03,0.45454545454545453,0.0
2025-03-04,0.2727272727272729,0.36363636363636365
2025-03-05,0.045454545454545595,0.09090909090909091
2025-03-06,0.2727272727272728,0.5454545454545454
2025-03-07,0.3181818181818183,0.4545454545454545
2025-03-08,0.3181818181818183,0.4545454545454545
2025-03-09,0.3227272727272728,0.44545454545454544
2025-03-10,0.1,0.0
2025-03-11,0.2500000000000001,0.30000000000000004
2025-03-12,0.55,0.29999999999999993
2025-03-13,0.3500000000000001,0.7
2025-03-14,0.0,0.0
2025-03-15,0.0,0.0
2025-03-16,0.10000000000000012,0.2
2025-03-17,0.30000000000000016,0.2
2025-03-18,0.3500000000000001,0.10000000000000003
2025-03-19,0.3500000000000001,0.10000000000000003
2025-03-20,0.45000000000000007,0.09999999999999998
2025-03-21,0.45000000000000007,0.09999999999999998
2025-03-22,0.3000000000000001,0.2
2025-03-23,0.3000000000000001,0.2
2025-03-24,0.3000000000000001,0.2
2025-03-25,0.3000000000000001,0.2
2025-03-26,0.45000000000000007,0.09999999999999998
2025-03-27,0.3500000000000001,0.3
2025-03-28,0.2,0.0
2025-03-29,0.3500000000000001,0.3
2025-03-30,0.2500000000000001,0.5
2025-03-31,0.20000000000000012,0.4
2025-04-01,0.4,0.0
2025-04-02,0.30000000000000016,0.2
2025-04-03,0.30000000000000016,0.2
2025-04-04,0.4,0.0
2025-04-05,0.2500000000000001,0.30000000000000004
2025-04-06,0.2500000000000001,0.30000000000000004
2025-04-07,0.4,0.0
2025-04-08,0.3500000000000001,0.10000000000000003
2025-04-09,0.3,0.0
2025-04-10,0.3,0.0
2025-04-11,0.3500000000000001,0.10000000000000003
2025-04-12,0.4,0.0
2025-04-13,0.3500000000000001,0.10000000000000003
2025-04-14,0.4000000000000001,0.2
2025-04-15,0.40000000000000013,0.2
2025-04-16,0.2500000000000001,0.09999999999999998
2025-04-17,0.30000000000000016,0.2
2025-04-18,0.3363636363636365,0.12727272727272732
2025-04-19,0.3181818181818183,0.09090909090909094
2025-04-20,0.40909090909090917,0.09090909090909088
2025-04-21,0.2727272727272728,0.36363636363636365
2025-04-22,0.2727272727272728,0.36363636363636365
2025-04-23,0.40909090909090917,0.09090909090909088
2025-04-24,0.36363636363636365,0.0
2025-04-25,0.5000000000000002,0.2727272727272727
2025-04-26,0.5000000000000002,0.2727272727272727
2025-04-27,0.4090909090909093,0.09090909090909088
2025-04-28,0.36363636363636376,0.18181818181818182
2025-04-29,0.2727272727272727,0.0
2025-04-30,0.36363636363636376,0.18181818181818182
2025-05-01,0.45454545454545453,0.0
2025-05-02,0.4090909090909093,0.09090909090909088
2025-05-03,0.27272727272727293,0.18181818181818182
2025-05-04,0.6818181818181821,1.0
2025-05-05,0.9090909090909092,0.5454545454545455
2025-05-06,0.36363636363636376,0.5454545454545454
2025-05-07,0.4090909090909092,0.6363636363636364
2025-05-08,0.5454545454545456,0.36363636363636365
2025-05-09,0.36363636363636365,0.0
2025-05-10,0.5454545454545456,0.36363636363636365
2025-05-11,0.6363636363636365,0.18181818181818188
2025-05-12,0.33939393939393947,0.4121212121212121
2025-05-13,0.2666666666666668,0.2666666666666667
2025-05-14,0.3333333333333335,0.13333333333333336
2025-05-15,0.3000000000000001,0.06666666666666665
2025-05-16,0.3333333333333333,0.0
2025-05-17,0.2666666666666668,0.1333333333333333
2025-05-18,0.24285714285714297,0.08571428571428569
2025-05-19,0.3214285714285715,0.07142857142857145
2025-05-20,0.3214285714285715,0.07142857142857145
2025-05-21,0.3214285714285715,0.07142857142857145
2025-05-22,0.35714285714285715,0.0
2025-05-23,0.3214285714285715,0.07142857142857145
2025-05-24,0.2857142857142857,0.0
2025-05-25,0.3214285714285715,0.07142857142857145
2025-05-26,0.39285714285714296,0.0714285714285714
2025-05-27,0.42857142857142855,0.0
2025-05-28,0.2500000000000001,0.3571428571428571
2025-05-29,0.2500000000000001,0.3571428571428571
2025-05-30,0.2857142857142858,0.2857142857142857
2025-05-31,0.2500000000000001,0.2142857142857143
2025-06-01,0.3214285714285715,0.07142857142857145
2025-06-02,0.21428571428571436,0.14285714285714285
2025-06-03,0.2500000000000001,0.2142857142857143
2025-06-04,0.3928571428571429,0.0714285714285714
2025-06-05,0.3571428571428572,0.14285714285714285
2025-06-06,0.25000000000000006,0.07142857142857142
2025-06-07,0.21428571428571427,0.0
2025-06-08,0.21428571428571427,0.0
2025-06-09,0.3928571428571429,0.3571428571428571
2025-06-10,0.5357142857142858,0.0714285714285714
2025-06-11,0.3571428571428572,0.2857142857142857
2025-06-12,0.3571428571428572,0.2857142857142857
2025-06-13,0.3214285714285715,0.35714285714285715
2025-06-14,0.28571428571428575,0.2857142857142857
2025-06-15,0.3928571428571429,0.0714285714285714
2025-06-16,0.28571428571428575,0.14285714285714288
2025-06-17,0.3571428571428572,0.2857142857142857
2025-06-18,0.5,0.0
2025-06-19,0.3571428571428572,0.2857142857142857
2025-06-20,0.32142857142857145,0.21428571428571427
2025-06-21,0.42857142857142855,0.0
2025-06-22,0.3571428571428572,0.14285714285714285
2025-06-23,0.3571428571428572,0.14285714285714285
2025-06-24,0.42857142857142855,0.0
2025-06-25,0.3928571428571429,0.0714285714285714
2025-06-26,0.28571428571428575,0.14285714285714288
2025-06-27,0.3571428571428572,0.2857142857142857
2025-06-28,0.4423076923076924,0.11538461538461536
2025-06-29,0.38461538461538464,0.0
2025-06-30,0.42307692307692313,0.07692307692307693
2025-07-01,0.3846153846153847,0.15384615384615385
2025-07-02,0.42307692307692313,0.23076923076923073
2025-07-03,0.2692307692307693,0.5384615384615384
2025-07-04,0.23076923076923084,0.46153846153846156
2025-07-05,0.30769230769230776,0.3076923076923077
2025-07-06,0.3461538461538462,0.3846153846153846
2025-07-07,0.42307692307692313,0.23076923076923073
2025-07-08,0.34615384615384626,0.07692307692307693
2025-07-09,0.30769230769230776,0.15384615384615385
2025-07-10,0.30769230769230776,0.15384615384615385
2025-07-11,0.38461538461538464,0.0
2025-07-12,0.30769230769230776,0.15384615384615385
2025-07-13,0.34615384615384626,0.23076923076923078
2025-07-14,0.46153846153846156,0.0
2025-07-15,0.3846153846153847,0.15384615384615385
2025-07-16,0.3076923076923077,0.0
2025-07-17,0.3846153846153847,0.15384615384615385
2025-07-18,0.5,0.07692307692307687
2025-07-19,0.3076923076923077,0.4615384615384615
2025-07-20,0.2692307692307693,0.38461538461538464
2025-07-21,0.2692307692307693,0.38461538461538464
2025-07-22,0.19230769230769237,0.23076923076923078
2025-07-23,0.3076923076923077,0.0
2025-07-24,0.23076923076923084,0.15384615384615385
2025-07-25,0.2692307692307693,0.23076923076923078
2025-07-26,0.34615384615384626,0.07692307692307693
2025-07-27,0.2692307692307693,0.07692307692307693
2025-07-28,0.19230769230769237,0.07692307692307693
2025-07-29,0.23076923076923084,0.15384615384615385
2025-07-30,0.19230769230769237,0.23076923076923078
2025-07-31,0.23076923076923084,0.3076923076923077
2025-08-01,0.19230769230769237,0.38461538461538464
2025-08-02,0.19230769230769237,0.38461538461538464
2025-08-03,0.42307692307692313,0.07692307692307693
2025-08-04,0.5000000000000001,0.07692307692307687
2025-08-05,0.5384615384615384,0.0
2025-08-06,0.3846153846153847,0.30769230769230765
2025-08-07,0.4230769230769232,0.38461538461538464
2025-08-08,0.4615384615384617,0.3076923076923077
2025-08-09,0.38461538461538475,0.15384615384615385
2025-08-10,0.42307692307692324,0.07692307692307693
2025-08-11,0.3076923076923078,0.15384615384615385
2025-08-12,0.34615384615384626,0.23076923076923078
2025-08-13,0.5000000000000001,0.07692307692307687
2025-08-14,0.3846153846153847,0.30769230769230765
2025-08-15,0.2692307692307694,0.07692307692307693
2025-08-16,0.42307692307692313,0.23076923076923073
2025-08-17,0.42307692307692313,0.23076923076923073
2025-08-18,0.19230769230769237,0.23076923076923078
2025-08-19,0.3076923076923077,0.4615384615384615
2025-08-20,0.5000000000000001,0.07692307692307687
2025-08-21,0.30769230769230776,0.3076923076923077
2025-08-22,0.30769230769230776,0.3076923076923077
2025-08-23,0.42307692307692313,0.07692307692307693
2025-08-24,0.19230769230769237,0.38461538461538464
2025-08-25,0.30769230769230776,0.6153846153846154
2025-08-26,0.6153846153846154,0.0
2025-08-27,0.42307692307692313,0.38461538461538464
2025-08-28,0.30769230769230776,0.15384615384615385
2025-08-29,0.23076923076923084,0.3076923076923077
2025-08-30,0.34615384615384626,0.5384615384615385
2025-08-31,0.42307692307692324,0.38461538461538464
2025-09-01,0.23076923076923078,0.0
2025-09-02,0.15705128205128216,0.14743589743589747
2025-09-03,0.1250000000000001,0.08333333333333333
2025-09-04,0.2500000000000001,0.16666666666666666
2025-09-05,0.3333333333333333,0.0
2025-09-06,0.16666666666666677,0.3333333333333333
2025-09-07,0.041666666666666775,0.08333333333333333
2025-09-08,0.2500000000000001,0.33333333333333337
2025-09-09,0.2916666666666668,0.25
2025-09-10,0.16666666666666666,0.0
2025-09-11,0.16666666666666666,0.0
2025-09-12,0.2500000000000001,0.16666666666666666
2025-09-13,0.5833333333333335,0.5
2025-09-14,0.8333333333333334,0.0
2025-09-15,0.5000000000000001,0.6666666666666667
2025-09-16,0.29166666666666674,0.25
2025-09-17,0.3621794871794873,0.10897435897435898
2025-09-18,0.23076923076923084,0.15384615384615385
2025-09-19,0.23076923076923084,0.15384615384615385
2025-09-20,0.3076923076923077,0.0
2025-09-21,0.3076923076923077,0.0
2025-09-22,0.2692307692307693,0.07692307692307693
2025-09-23,0.30769230769230776,0.15384615384615385
2025-09-24,0.30769230769230776,0.15384615384615385
2025-09-25,0.23076923076923078,0.0
2025-09-26,0.30769230769230776,0.15384615384615385
2025-09-27,0.23076923076923084,0.3076923076923077
2025-09-28,0.19230769230769237,0.23076923076923078
2025-09-29,0.2692307692307693,0.07692307692307693
2025-09-30,0.2692307692307693,0.07692307692307693
2025-10-01,0.23076923076923084,0.15384615384615385
2025-10-02,0.30769230769230776,0.3076923076923077
2025-10-03,0.30769230769230776,0.3076923076923077
2025-10-04,0.2692307692307693,0.23076923076923078
2025-10-05,0.34615384615384626,0.07692307692307693
2025-10-06,0.19230769230769237,0.23076923076923078
2025-10-07,0.11538461538461545,0.07692307692307693
2025-10-08,0.15384615384615385,0.0
2025-10-09,0.15384615384615385,0.0
2025-10-10,0.15384615384615385,0.0
2025-10-11,0.07692307692307698,0.15384615384615385
2025-10-12,0.0,0.0
2025-10-13,0.08333333333333338,0.16666666666666666
2025-10-14,0.16666666666666666,0.0
2025-10-15,0.08333333333333338,0.16666666666666666
2025-10-16,0.12500000000000006,0.25
2025-10-17,0.25,0.0
2025-10-18,0.12500000000000006,0.25
2025-10-19,0.0,0.0
2025-10-20,0.08333333333333338,0.16666666666666666
2025-10-21,0.08333333333333338,0.16666666666666666
2025-10-22,0.04166666666666672,0.08333333333333333
2025-10-23,0.12500000000000006,0.08333333333333333
2025-10-24,0.16666666666666666,0.0
2025-10-25,0.16666666666666666,0.0
2025-10-26,0.16666666666666666,0.0
2025-10-27,0.20833333333333337,0.08333333333333334
2025-10-28,0.20833333333333337,0.08333333333333334
2025-10-29,0.27083333333333337,0.20833333333333334
2025-10-30,0.18750000000000006,0.375
2025-10-31,0.0,0.0
2025-11-01,0.12500000000000006,0.25
2025-11-02,0.18750000000000006,0.125
2025-11-03,0.18750000000000006,0.125
2025-11-04,0.25,0.0
2025-11-05,0.31250000000000006,0.125
2025-11-06,0.25000000000000006,0.25
2025-11-07,0.125,0.0
2025-11-08,0.18750000000000006,0.125
2025-11-09,0.37500000000000006,0.25
2025-11-10,0.31250000000000006,0.375
2025-11-11,0.125,0.0
2025-11-12,0.18750000000000006,0.125
2025-11-13,0.25,0.0
2025-11-14,0.18750000000000006,0.125
2025-11-15,0.31250000000000006,0.375
2025-11-16,0.31250000000000006,0.375
2025-11-17,0.18750000000000006,0.125
2025-11-18,0.18750000000000006,0.125
2025-11-19,0.06250000000000006,0.125
2025-11-20,0.06250000000000006,0.125
2025-11-21,0.25000000000000006,0.25
2025-11-22,0.31250000000000006,0.125
2025-11-23,0.25,0.0
2025-11-24,0.25,0.0
2025-11-25,0.25,0.0
2025-11-26,0.12500000000000006,0.25
2025-11-27,0.25000000000000006,0.5
2025-11-28,0.37500000000000006,0.25
2025-11-29,0.37500000000000006,0.25
2025-11-30,0.31250000000000006,0.375
2025-12-01,0.25000000000000006,0.25
2025-12-02,0.18750000000000006,0.375
2025-12-03,0.18750000000000006,0.375
2025-12-04,0.375,0.0
2025-12-05,0.25000000000000006,0.25
2025-12-06,0.06250000000000006,0.125
2025-12-07,0.31250000000000006,0.625
2025-12-08,0.5625,0.125
2025-12-09,0.43750000000000006,0.125
2025-12-10,0.375,0.0
2025-12-11,0.31250000000000006,0.125
2025-12-12,0.12500000000000006,0.25
2025-12-13,0.25000000000000006,0.5
2025-12-14,0.37500000000000006,0.25
2025-12-15,0.12500000000000006,0.25
2025-12-16,0.18750000000000006,0.375
2025-12-17,0.31250000000000006,0.125
2025-12-18,0.18750000000000006,0.125
2025-12-19,0.18750000000000006,0.125
2025-12-20,0.25,0.0
2025-12-21,0.31250000000000006,0.125
2025-12-22,0.375,0.0
2025-12-23,0.25000000000000006,0.25
2025-12-24,0.31250000000000006,0.375
2025-12-25,0.5,0.0
2025-12-26,0.25000000000000006,0.5
2025-12-27,0.06250000000000006,0.125
2025-12-28,0.31250000000000006,0.375
2025-12-29,0.43750000000000006,0.125
2025-12-30,0.31250000000000006,0.125
2025-12-31,0.25,0.0
2026-01-01,0.18750000000000006,0.125
2026-01-02,0.25000000000000006,0.25
2026-01-03,0.375,0.0
2026-01-04,0.31250000000000006,0.125
2026-01-05,0.43750000000000006,0.375
2026-05-30,0.625,0.0
